{
    "bins": {
        "0": {
            "count": 3.0,
            "cumulative": 3.0,
            "normal": 1.0,
            "position": 33.333333333333336
        },
        "1": {
            "count": 0,
            "cumulative": 3.0,
            "normal": 0,
            "position": 33.333333333333336
        },
        "10": {
            "count": 0,
            "cumulative": 3.0,
            "normal": 0,
            "position": 33.333333333333336
        },
        "100": {
            "count": 3.0,
            "cumulative": 9.0,
            "normal": 1.0,
            "position": 100.0
        },
        "11": {
            "count": 0,
            "cumulative": 3.0,
            "normal": 0,
            "position": 33.333333333333336
        },
        "12": {
            "count": 0,
            "cumulative": 3.0,
            "normal": 0,
            "position": 33.333333333333336
        },
        "13": {
            "count": 0,
            "cumulative": 3.0,
            "normal": 0,
            "position": 33.333333333333336
        },
        "14": {
            "count": 0,
            "cumulative": 3.0,
            "normal": 0,
            "position": 33.333333333333336
        },
        "15": {
            "count": 0,
            "cumulative": 3.0,
            "normal": 0,
            "position": 33.333333333333336
        },
        "16": {
            "count": 0,
            "cumulative": 3.0,
            "normal": 0,
            "position": 33.333333333333336
        },
        "17": {
            "count": 0,
            "cumulative": 3.0,
            "normal": 0,
            "position": 33.333333333333336
        },
        "18": {
            "count": 0,
            "cumulative": 3.0,
            "normal": 0,
            "position": 33.333333333333336
        },
        "19": {
            "count": 0,
            "cumulative": 3.0,
            "normal": 0,
            "position": 33.333333333333336
        },
        "2": {
            "count": 0,
            "cumulative": 3.0,
            "normal": 0,
            "position": 33.333333333333336
        },
        "20": {
            "count": 0,
            "cumulative": 3.0,
            "normal": 0,
            "position": 33.333333333333336
        },
        "21": {
            "count": 0,
            "cumulative": 3.0,
            "normal": 0,
            "position": 33.333333333333336
        },
        "22": {
            "count": 0,
            "cumulative": 3.0,
            "normal": 0,
            "position": 33.333333333333336
        },
        "23": {
            "count": 0,
            "cumulative": 3.0,
            "normal": 0,
            "position": 33.333333333333336
        },
        "24": {
            "count": 0,
            "cumulative": 3.0,
            "normal": 0,
            "position": 33.333333333333336
        },
        "25": {
            "count": 0,
            "cumulative": 3.0,
            "normal": 0,
            "position": 33.333333333333336
        },
        "26": {
            "count": 0,
            "cumulative": 3.0,
            "normal": 0,
            "position": 33.333333333333336
        },
        "27": {
            "count": 0,
            "cumulative": 3.0,
            "normal": 0,
            "position": 33.333333333333336
        },
        "28": {
            "count": 0,
            "cumulative": 3.0,
            "normal": 0,
            "position": 33.333333333333336
        },
        "29": {
            "count": 0,
            "cumulative": 3.0,
            "normal": 0,
            "position": 33.333333333333336
        },
        "3": {
            "count": 0,
            "cumulative": 3.0,
            "normal": 0,
            "position": 33.333333333333336
        },
        "30": {
            "count": 0,
            "cumulative": 3.0,
            "normal": 0,
            "position": 33.333333333333336
        },
        "31": {
            "count": 0,
            "cumulative": 3.0,
            "normal": 0,
            "position": 33.333333333333336
        },
        "32": {
            "count": 0,
            "cumulative": 3.0,
            "normal": 0,
            "position": 33.333333333333336
        },
        "33": {
            "count": 0,
            "cumulative": 3.0,
            "normal": 0,
            "position": 33.333333333333336
        },
        "34": {
            "count": 0,
            "cumulative": 3.0,
            "normal": 0,
            "position": 33.333333333333336
        },
        "35": {
            "count": 0,
            "cumulative": 3.0,
            "normal": 0,
            "position": 33.333333333333336
        },
        "36": {
            "count": 0,
            "cumulative": 3.0,
            "normal": 0,
            "position": 33.333333333333336
        },
        "37": {
            "count": 0,
            "cumulative": 3.0,
            "normal": 0,
            "position": 33.333333333333336
        },
        "38": {
            "count": 0,
            "cumulative": 3.0,
            "normal": 0,
            "position": 33.333333333333336
        },
        "39": {
            "count": 0,
            "cumulative": 3.0,
            "normal": 0,
            "position": 33.333333333333336
        },
        "4": {
            "count": 0,
            "cumulative": 3.0,
            "normal": 0,
            "position": 33.333333333333336
        },
        "40": {
            "count": 0,
            "cumulative": 3.0,
            "normal": 0,
            "position": 33.333333333333336
        },
        "41": {
            "count": 0,
            "cumulative": 3.0,
            "normal": 0,
            "position": 33.333333333333336
        },
        "42": {
            "count": 0,
            "cumulative": 3.0,
            "normal": 0,
            "position": 33.333333333333336
        },
        "43": {
            "count": 0,
            "cumulative": 3.0,
            "normal": 0,
            "position": 33.333333333333336
        },
        "44": {
            "count": 0,
            "cumulative": 3.0,
            "normal": 0,
            "position": 33.333333333333336
        },
        "45": {
            "count": 0,
            "cumulative": 3.0,
            "normal": 0,
            "position": 33.333333333333336
        },
        "46": {
            "count": 0,
            "cumulative": 3.0,
            "normal": 0,
            "position": 33.333333333333336
        },
        "47": {
            "count": 0,
            "cumulative": 3.0,
            "normal": 0,
            "position": 33.333333333333336
        },
        "48": {
            "count": 0,
            "cumulative": 3.0,
            "normal": 0,
            "position": 33.333333333333336
        },
        "49": {
            "count": 0,
            "cumulative": 3.0,
            "normal": 0,
            "position": 33.333333333333336
        },
        "5": {
            "count": 0,
            "cumulative": 3.0,
            "normal": 0,
            "position": 33.333333333333336
        },
        "50": {
            "count": 0,
            "cumulative": 3.0,
            "normal": 0,
            "position": 33.333333333333336
        },
        "51": {
            "count": 0,
            "cumulative": 3.0,
            "normal": 0,
            "position": 33.333333333333336
        },
        "52": {
            "count": 0,
            "cumulative": 3.0,
            "normal": 0,
            "position": 33.333333333333336
        },
        "53": {
            "count": 0,
            "cumulative": 3.0,
            "normal": 0,
            "position": 33.333333333333336
        },
        "54": {
            "count": 0,
            "cumulative": 3.0,
            "normal": 0,
            "position": 33.333333333333336
        },
        "55": {
            "count": 0,
            "cumulative": 3.0,
            "normal": 0,
            "position": 33.333333333333336
        },
        "56": {
            "count": 0,